{
  "normalized_mse": 0.0064153342625923645,
  "normalized_rmse": 0.08009578180274142,
  "normalized_mae": 0.05939717220677456,
  "r2_score": 0.9217507502544213,
  "average_rmse_original": 191.72482033421562,
  "average_mae_original": 153.2154662488381,
  "average_mape": 1.3308381565991365,
  "directional_accuracy": 54.88372093023256,
  "test_samples": 431,
  "model_parameters": 32417
}